Test Case Title,Step Action,Step Expected,Requirement ID,Priority,Tags,Pages,Story Id,Epic,Area Path,Iteration Path
"As a Nurse, I want to access digitized patient assessments and care plans so that I can efficiently review patient information and update vitals.",I am logged into the Clinician Portal. | I search for a patient's record.,I can view digitized assessments and care plans for that patient.,1.1,Must,@priority_Must @req_1.1 @FDA21CFR11 @HIPAA,4;6,7c4c1495-1f6d-4462-bd63-191fd15ea6ba,Digitize patient records and automate tracking.,Healthcare\DayHealth,Release 1
"As a Doctor, I want to access patient data through the clinician portal so that I can review patient information efficiently.",I am logged into the clinician portal. | I search for and select a patient.,"I can view the patient's data, including scanned documents and session information.",1.4,Must,@priority_Must @req_1.4 @FDA21CFR11 @HIPAA,5;6,855160d4-16c6-4f25-a186-5279dcbbcfd3,"Replace Trillium's current system with a new system including database, clinician portal, and session application.",Healthcare\DayHealth,Release 1
"As a Doctor, I want to access patient clinical information in the clinician portal so that I can efficiently review patient data and make informed decisions.",the Doctor is logged into the clinician portal. | the Doctor searches for a specific patient.,"the Doctor should be able to view the patient's clinical information, including relevant documents and related data.",2.1.1,Must,@priority_Must @req_2.1.1 @FDA21CFR11 @HIPAA,6,a99367a2-ad05-4a4b-a4d2-91390abb0115,Implement Database for Trillium Health,Healthcare\DayHealth,Release 1
"As a Doctor, I want to access and view patient data quickly and efficiently through the clinician portal, so that I can make informed decisions about patient care.",I am logged into the clinician portal. | I search for a patient.,I can view the patient's relevant clinical information and documents in an organized manner.,2.1.2,Must,@priority_Must @req_2.1.2 @HIPAA,6;13,5dd0d188-2605-4668-8305-d3155760a7e6,Clinician Portal Development,Healthcare\DayHealth,Release 1
"As a Doctor, I want to access and view patient data quickly and efficiently through the clinician portal, so that I can make informed decisions about patient care.","I am viewing a patient's record. | I navigate to different sections of the record (e.g., vitals, medications, history).",The information loads quickly and is presented in a clear and understandable format.,2.1.2,Must,@priority_Must @req_2.1.2 @HIPAA,6;13,5dd0d188-2605-4668-8305-d3155760a7e6,Clinician Portal Development,Healthcare\DayHealth,Release 1
"As a Patient, I want to check in to Day Health and specific sessions using a fingerprint scanner, so that I can easily verify my attendance.",I am a patient at Day Health and have a scheduled session. | I use the fingerprint scanner at check-in.,My attendance for Day Health and the specific session is automatically recorded.,2.1.3,Must,@priority_Must @req_2.1.3 @FDA21CFR11 @HIPAA,9;10,bf688cd2-f118-4e36-9bfd-432eebbbf55d,,Healthcare\DayHealth,Release 1
"As a system, I want to store previous states of all tables with all changes made to them so that data can be recovered and audited.",A table in the database has been modified | The system saves the changes,The previous state of the table is stored along with the changes made.,2.3.2.1,Must,@priority_Must @req_2.3.2.1 @FDA21CFR11 @HIPAA,6,3d373e82-3575-4b20-9827-bdae31729eb9,,Healthcare\DayHealth,Release 1
"As a Patient, I want to sign in for the day using a fingerprint scanner, so that my attendance is recorded accurately.",I am a patient arriving for the day. | I use the fingerprint scanner.,My attendance is recorded in the system.,2.3.2.2,Must,@priority_Must @req_2.3.2.2,6;9,d91e5c35-9555-4982-a8f8-914a055ddd85,,Healthcare\DayHealth,Release 1
"As a Patient, I want to sign out for the day so that my attendance is accurately recorded.",I am a patient in the system. | I sign out for the day.,My sign-out time is stored in the system.,2.3.2.3,Must,@priority_Must @req_2.3.2.3,6,f97ac7d0-f8b7-4ec7-a54a-59bb9f9413b5,,Healthcare\DayHealth,Release 1
"As a Patient, I want to sign in for sessions, so that my attendance is recorded.",I am a patient scheduled for a session | I use the fingerprint scanner,the system records my attendance for the session,2.3.2.4,Must,@priority_Must @req_2.3.2.4 @FDA21CFR11 @HIPAA,6;9,f5517b01-024f-492c-86ba-ac2788e2b5d3,,Healthcare\DayHealth,Release 1
"As a Facilitator, I want to confirm session attendance taken through fingerprint scanner so that I can ensure accurate records of patient participation.",The system has recorded session attendance via fingerprint scanner. | I access the session attendance records.,I can confirm the attendance data is accurate.,2.3.2.5,Must,@priority_Must @req_2.3.2.5,6;9,527f103d-1603-40cf-8198-6b8dfa457f4d,,Healthcare\DayHealth,Release 1
"As a Clinician, I want to store new documents in the database, so that I can maintain a comprehensive record of patient information.",I am a logged-in Clinician. | I upload a new patient document.,"The document is successfully stored in the database, adhering to HIPAA and FDA 21 CFR Part 11 constraints.",2.3.2.6,Must,@priority_Must @req_2.3.2.6 @FDA21CFR11 @HIPAA,6;8,8a313ed6-cc82-4a0a-aa97-e9cc92a97687,,Healthcare\DayHealth,Release 1
"As a Clinician, I want to add a patient's care plan so that I can manage and track their treatment effectively.",I am logged in as a Clinician. | I add a new care plan for a patient.,The care plan is stored in the system and linked to the patient's record.,2.3.2.7,Must,@priority_Must @req_2.3.2.7 @FDA21CFR11 @HIPAA,6;11,db06f16a-6a36-452a-9a1f-e617be30c0f6,,Healthcare\DayHealth,Release 1
"As a Doctor, I want to store patient care plans so that I can easily access and manage them within the system.",The doctor is logged into the system and has selected a patient. | The doctor creates or updates a patient care plan.,"The system should store the care plan securely in the database, adhering to HIPAA regulations.",2.3.2.8,Must,@priority_Must @req_2.3.2.8 @HIPAA,6,0f91a6e9-817f-46c8-9026-3f6ee1ebd75d,,Healthcare\DayHealth,Release 1
"As a Doctor, I want to track reviews of care plans so that I can ensure patient care plans are regularly evaluated and updated.",A care plan exists for a patient. | A doctor reviews the care plan.,The system records the review date and the doctor who performed the review.,2.3.2.9,Must,@priority_Must @req_2.3.2.9 @FDA21CFR11 @HIPAA,6,de66dc53-f2fc-4061-b098-f552e7c68520,,Healthcare\DayHealth,Release 1
"As a Doctor, I want to track approval of care plans so that I can ensure proper authorization and adherence to treatment protocols.",A care plan exists for a patient | The care plan is submitted for approval,"The system should record the approval status, approver, and timestamp.",2.3.2.10,Must,@priority_Must @req_2.3.2.10 @FDA21CFR11 @HIPAA,6,a8bd0686-5690-476f-bb03-1517119db8f3,,Healthcare\DayHealth,Release 1
"As a Doctor, I want to store care plan updates and changes so that the patient's EHR is up-to-date.",The doctor has made updates to a patient's care plan | The doctor saves the updated care plan,The system stores the care plan updates and changes in the database.,2.3.2.11,Must,@priority_Must @req_2.3.2.11 @HIPAA,6;14,44055438-1f5c-4d0a-921c-812679456594,,Healthcare\DayHealth,Release 1
"As a Doctor, I want to store tracks so that I can monitor patient progress and outcomes.",The system is running and accessible. | I input track data for a patient.,The track data is stored securely in the database and associated with the correct patient.,2.3.2.12,Should,@priority_Should @req_2.3.2.12 @FDA21CFR11 @HIPAA,6,1affbf21-7111-4374-8fb6-9c1833e7c2d0,,Healthcare\DayHealth,Release 1
"As a Clinician, I want to store classes so that patient care plans can be comprehensive.",The system is running and the clinician is logged in. | The clinician creates a new class or updates an existing class.,The system stores the class details in the database.,2.3.2.13,Should,@priority_Should @req_2.3.2.13 @FDA21CFR11 @HIPAA,6;11,75e23dd8-b344-426e-8a52-b1a317b22673,,Healthcare\DayHealth,Release 1
"As a Clinician, I want to link patients to classes so that I can manage patient schedules and track their progress in relevant programs.",I am a clinician with appropriate privileges. | I am viewing a patient's record or a class schedule.,I can easily link the patient to the class.,2.3.2.14,Must,@priority_Must @req_2.3.2.14,6;8,efef7ae0-f6e9-4102-a783-b9c2f4ec7234,,Healthcare\DayHealth,Release 1
"As a Nurse, I want to store schedules, so that I can manage patient appointments and staff availability.",I am logged in as a Nurse. | I enter the schedule information.,The system stores the schedule information in the database.,2.3.2.15,Must,@priority_Must @req_2.3.2.15,6,48cfc3ec-fb4e-4c02-8792-47151ab03b1c,,Healthcare\DayHealth,Release 1
"As a Doctor, I want to access stored patient sessions so that I can review patient progress and adjust care plans.",Patient data exists in the system | I request to view a patient's sessions,"I should see a list of the patient's sessions, including date, time, and session details.",2.3.2.16,Should,@priority_Should @req_2.3.2.16 @FDA21CFR11 @HIPAA,5;6,9021299a-87c3-49df-a0b1-9f52e8aa61f9,,Healthcare\DayHealth,Release 1
"As a user, I want to store all data associated with sessions so that the system maintains a complete record of patient activity and attendance.","The user is interacting with the system | The system processes session-related data (e.g., attendance, schedules, modifications)",The system stores all relevant data associated with the session in the database.,2.3.2.17,Must,@priority_Must @req_2.3.2.17 @FDA21CFR11 @HIPAA,5;6,693d2cf2-1b1c-453e-8edf-55e28808ee46,,Healthcare\DayHealth,Release 1
"As a Doctor, I want to store group notes for sessions so that I can easily access and review session details.",I am logged into the system and viewing a patient's session. | I enter group notes for the session.,The group notes are stored securely in the database and associated with the session.,2.3.2.18,Should,@priority_Should @req_2.3.2.18 @FDA21CFR11 @HIPAA,6,ec1e7a0f-fb31-4f4a-afcb-c4fd01c5203f,,Healthcare\DayHealth,Release 1
"As a Doctor, I want to store individual notes for sessions, so that I can track patient progress and tailor treatment plans effectively.",A session exists for a patient | I enter notes related to the session,"The notes are stored securely and associated with that specific session and patient, adhering to HIPAA regulations.",2.3.2.19,Must,@priority_Must @req_2.3.2.19 @HIPAA,6;8,164c07a3-af81-49ba-9fd9-59d22ec0a148,,Healthcare\DayHealth,Release 1
"As a Doctor, I want to track reviews of care plans so that I can ensure quality of patient care.",a care plan exists for a patient | a review is performed on the care plan,"the system should track the review, including the reviewer and date of review",2.3.2.9,Should,@priority_Should @req_2.3.2.9 @HIPAA,6;8,72a7ef77-9f22-4335-acdf-9f51d8460289,,Healthcare\DayHealth,Release 1
"As a Doctor, I want to view the Assessment timeline so that I can easily track patient progress.",I am logged into the system as a Doctor and viewing a patient's record. | I navigate to the Assessments section.,"I should see a clear and accurate timeline of the patient's assessments, including dates and key milestones.",2.3.2.21,Must,@priority_Must @req_2.3.2.21,7,15ca43a3-0201-4435-b955-59f36295e576,,Healthcare\DayHealth,Release 1
"As a Clinician, I want to calculate who is billable based on dates, so that the billing process is streamlined and accurate.","The system has patient data, session information, and billing rules. | I initiate the billability calculation process.",The system accurately identifies and displays which patients are billable based on the specified dates and billing rules.,2.3.2.22,Must,@priority_Must @req_2.3.2.22,7,4a231938-a4a3-4d19-9bdd-cd7cb0cab25c,,Healthcare\DayHealth,Release 1
"As a Clinician, I want to keep track of what claims have been sent for, so that I can efficiently manage billing and ensure accurate revenue cycle management.",A patient session has occurred and a claim needs to be generated. | The claim is submitted for processing.,"The system should record the details of the claim, including patient, service, date, and amount submitted.",2.3.2.23,Must,@priority_Must @req_2.3.2.23 @HIPAA,7,bcf39837-9725-4791-8753-c87c1761987e,,Healthcare\DayHealth,Release 1
"As a Doctor, I want to track the status of claims (accepted or denied) so that I can efficiently manage patient billing and revenue cycle.",A claim has been submitted for a patient | The claim is accepted or denied by the insurance provider,The system should update the claim status to reflect the accepted or denied status.,2.3.2.24,Must,@priority_Must @req_2.3.2.24 @HIPAA,7,476e2c5d-59ac-4952-b2f8-bba2f7be8026,,Healthcare\DayHealth,Release 1
"As a Doctor, I want to track the status of claims (accepted or denied) so that I can efficiently manage patient billing and revenue cycle.",I am viewing a patient's billing information | I access the claims history,I should be able to see the status (accepted or denied) of each claim.,2.3.2.24,Must,@priority_Must @req_2.3.2.24 @HIPAA,7,476e2c5d-59ac-4952-b2f8-bba2f7be8026,,Healthcare\DayHealth,Release 1
"As a system, I want to have stored procedures for calculations within the database so that calculations are efficient and consistent.",The database is operational | A calculation is required,The system uses a stored procedure to perform the calculation,2.3.2.25,Must,@priority_Must @req_2.3.2.25,7,53b7fa06-d0da-46d8-9049-62d52f6249e4,,Healthcare\DayHealth,Release 1
"As a system, I want to have stored procedures for calculations within the database so that calculations are efficient and consistent.",A new calculation is needed | A developer creates a stored procedure,The stored procedure is stored in the database,2.3.2.25,Must,@priority_Must @req_2.3.2.25,7,53b7fa06-d0da-46d8-9049-62d52f6249e4,,Healthcare\DayHealth,Release 1
"As a Clinician, I want to keep track of what claims have been sent for, so that I can ensure accurate billing and revenue cycle management.",The system has session data and billing information. | I view a session or patient record.,I can see a clear indication of whether a claim has been submitted for the services provided.,2.3.2.23;2.3.3.4.2,Must,@priority_Must @req_2.3.2.23 @req_2.3.3.4.2,7,8984bbd5-e444-47a8-94ba-961caf2554c3,,Healthcare\DayHealth,Release 1
"As a Clinician, I want to run a billing report so that I can track billing information.",I am a Clinician and have access to the system. | I request a billing report.,The system generates a report containing billing information.,2.3.3.5.4,Must,@priority_Must @req_2.3.3.5.4,12,4aad4433-8ba0-40a0-9ff7-20a106dace69,,Healthcare\DayHealth,Release 1
"As a user, I want to see a list of sessions in the Portal so that I can easily find and access the sessions I need.",I am logged into the Portal. | I navigate to the sessions section.,I should see a list of all available sessions.,2.3.3.6,Must,@priority_Must @req_2.3.3.6,7,836b0423-b4f8-45d0-8e69-bbf2dc4cd2f9,,Healthcare\DayHealth,Release 1
"As a Doctor, I want to view details of a particular session so that I can review patient progress and session specifics.",I am logged in as a Doctor and viewing a list of sessions. | I select a particular session from the list.,"I should be able to see more details about the selected session, including facilitator information, time and scheduling, attendance, and group/individual notes.",2.3.3.7,Must,@priority_Must @req_2.3.3.7,7,b98e8f78-679e-4a87-bba2-68bff17b5f07,,Healthcare\DayHealth,Release 1
"As a Doctor, I want to view session information, so that I can review patient progress and make informed decisions about their care.",I am logged into the system as a Doctor and have selected a specific session. | I view the session details,"I should see the facilitator information, time and scheduling, attendance, and group and individual notes.",2.3.3.8,Must,@priority_Must @req_2.3.3.8,7,5e5de401-441f-4c08-816b-afcd430de3a6,,Healthcare\DayHealth,Release 1
"As a Doctor, I want to see Group and Individual notes for a session so that I can understand the patient's progress and tailor treatment plans.",I am viewing the details of a specific session in the Clinician Portal. | I navigate to the 'Notes' section.,I should see both Group and Individual notes recorded for that session.,2.3.3.8.4,Must,@priority_Must @req_2.3.3.8.4,7,e8843f4e-d6aa-470f-b008-ae8c38dc930f,,Healthcare\DayHealth,Release 1
"As a Nurse, I want to enter and view patient assessments, so that I can effectively manage patient care and track progress.",I am logged into the system as a Nurse. | I navigate to a patient's profile.,"I can enter new assessment data for Nursing, Nutrition, Health Literacy, Care Management, and Behavioral aspects.",2.3.3.9,Must,@priority_Must @req_2.3.3.9 @FDA21CFR11 @HIPAA,7,e7576094-cddd-4780-817b-f98355781994,,Healthcare\DayHealth,Release 1
"As a Nurse, I want to enter and view patient assessments, so that I can effectively manage patient care and track progress.",I am viewing a patient's profile. | I access the 'Assessments' section.,I can view all previously recorded assessments for the patient.,2.3.3.9,Must,@priority_Must @req_2.3.3.9 @FDA21CFR11 @HIPAA,7,e7576094-cddd-4780-817b-f98355781994,,Healthcare\DayHealth,Release 1
"As a Doctor, I want to view patient assessments including Nursing, Nutrition, Health Literacy, Care Management, and Behavioral Health, so that I can make informed decisions about patient care.",I am logged in as a Doctor and viewing a patient's record. | I navigate to the 'Assessments' section.,"I can see assessments related to Nursing, Nutrition, Health Literacy, Care Management, and Behavioral Health.",2.3.3.9.1,Must,@priority_Must @req_2.3.3.9.1 @FDA21CFR11 @HIPAA,7,1c0eff54-c610-43d6-93b9-df2e591e4ff6,,Healthcare\DayHealth,Release 1
"As a Nurse, I want to enter and view patient assessments (Nursing, Nutrition, Health Literacy, Care Management, Behavioral) so that I can effectively conduct the Care-plan process.",I am logged into the system as a Nurse. | I access a patient's record.,"I can view existing assessments (Nursing, Nutrition, Health Literacy, Care Management, Behavioral).",2.3.3.9;2.3.3.10,Must,@priority_Must @req_2.3.3.9 @req_2.3.3.10 @HIPAA,7,8b92bc9c-fa76-4b40-8818-91e71a0a5698,,Healthcare\DayHealth,Release 1
"As a Nurse, I want to enter and view patient assessments (Nursing, Nutrition, Health Literacy, Care Management, Behavioral) so that I can effectively conduct the Care-plan process.",I am logged into the system as a Nurse. | I access a patient's record and navigate to the assessments section.,"I can enter new assessment data (Nursing, Nutrition, Health Literacy, Care Management, Behavioral).",2.3.3.9;2.3.3.10,Must,@priority_Must @req_2.3.3.9 @req_2.3.3.10 @HIPAA,7,8b92bc9c-fa76-4b40-8818-91e71a0a5698,,Healthcare\DayHealth,Release 1
"As a Clinician, I want to perform care plan review so that I can ensure the patient's care plan is up-to-date and effective.",I am logged in as a Clinician and viewing a patient's record. | I initiate a care plan review.,I can access and review the patient's current care plan details.,2.3.3.10.1,Must,@priority_Must @req_2.3.3.10.1 @FDA21CFR11 @HIPAA,11,b4bdf2e3-d97f-4dc7-8514-b1e379db0b76,,Healthcare\DayHealth,Release 1
"As a Clinician, I want to view a patient's care plan history, so that I can track changes and understand the patient's treatment progression.",A patient has one or more care plans recorded in the system | I navigate to the patient's record and select the option to view care plan history,"I should see a chronological list of all care plans for that patient, including the dates they were active.",2.3.3.10.3,Must,@priority_Must @req_2.3.3.10.3,11,11453d48-f38d-42f2-affe-29a275b341d9,,Healthcare\DayHealth,Release 1
"As a Clinician, I want to view a patient's care plan history, so that I can track changes and understand the patient's treatment progression.",I am viewing the care plan history | I select a specific care plan from the history,I should be able to view the details of that care plan as it existed at that point in time.,2.3.3.10.3,Must,@priority_Must @req_2.3.3.10.3,11,11453d48-f38d-42f2-affe-29a275b341d9,,Healthcare\DayHealth,Release 1
"As a Clinician, I want to make updates or changes to a Care Plan, so that the patient's care plan is current and accurate.",A Care Plan exists for a patient | I make updates or changes to the Care Plan,The system saves the updated Care Plan with the changes.,2.3.3.10.4,Must,@priority_Must @req_2.3.3.10.4,6;7;11,ad301c82-bf7b-4464-aceb-3a564aa7d83b,,Healthcare\DayHealth,Release 1
"As a system administrator, I want the system to audit all data changes, so that I can track data modifications for compliance and security purposes.","The system is running and a user modifies patient data or documents. | A user adds, changes, or deletes data.","The system should record the user's identity, the timestamp of the action, the type of action (add, change, delete), and the specific data that was modified.",2.3.3.11,Must,@priority_Must @req_2.3.3.11 @FDA21CFR11 @HIPAA,8,d3b3b842-4b5e-49d7-a51b-55743b9cad9a,,Healthcare\DayHealth,Release 1
"As a system administrator, I want the system to audit all data changes, so that I can track data modifications for compliance and security purposes.",I need to review the audit history. | I request an audit report for a specific user or patient.,"The system should generate a report displaying the audit history, including user, timestamp, action, and data modified.",2.3.3.11,Must,@priority_Must @req_2.3.3.11 @FDA21CFR11 @HIPAA,8,d3b3b842-4b5e-49d7-a51b-55743b9cad9a,,Healthcare\DayHealth,Release 1
"As a system administrator, I want the system to audit all data changes, so that I can track data modifications for compliance and security purposes.",I need to export the audit history. | I request to export the audit history.,"The system should export the audit history in a standard format (e.g., CSV, Excel) for external analysis.",2.3.3.11,Must,@priority_Must @req_2.3.3.11 @FDA21CFR11 @HIPAA,8,d3b3b842-4b5e-49d7-a51b-55743b9cad9a,,Healthcare\DayHealth,Release 1
"As a Doctor, I want the system to track the addition of new documents to a patient's EHR, so that I can maintain an accurate and auditable record of patient information.",A doctor adds a new document to a patient's EHR | The document is saved in the system,"The system should record the addition of the document, including the user who added it and the timestamp of the addition.",2.3.3.12,Must,@priority_Must @req_2.3.3.12 @FDA21CFR11 @HIPAA,8,c8b6c027-9235-4b22-aa0c-0d288fd24850,,Healthcare\DayHealth,Release 1
"As a Facilitator, I want to override the patient sign out for the session, so that I can manage patient sessions effectively.","A patient is signed in for a session | I, as a Facilitator, override the patient sign out","The system should record the override action, including the facilitator's identity and timestamp.",2.3.3.13,Should,@priority_Should @req_2.3.3.13 @FDA21CFR11 @HIPAA,8;12,91c56775-a690-42ef-94f5-c5aba3e3f274,,Healthcare\DayHealth,Release 1
"As a Clinician, I want the system to track deletions of existing documents or data, so that there is an audit trail for data integrity and compliance.",I am a clinician and I delete a patient document. | I confirm the deletion.,"The system records the deletion event, including the user, timestamp, and document details, in the audit log.",2.3.3.14,Must,@priority_Must @req_2.3.3.14 @FDA21CFR11 @HIPAA,8,c86f20e6-4261-4064-adcc-9452f9e0da3c,,Healthcare\DayHealth,Release 1
"As a Doctor, I want to view reports showing auditing history per patient so that I can monitor changes to patient data and ensure data integrity.",I am logged in as a Doctor. | I navigate to the patient's record.,"I can view a report displaying the audit history for that patient, including additions, changes, and deletions of documents and data.",2.3.3.15,Must,@priority_Must @req_2.3.3.15 @FDA21CFR11 @HIPAA,8,06c4fa1f-ea09-4f9a-915a-9e36473db1a3,,Healthcare\DayHealth,Release 1
"As a Clinician, I want to view the audit history of a document so that I can track changes and ensure data integrity.",I am logged in as a Clinician and viewing a patient's document | I select the option to view audit history,"I should see a detailed log of all additions, changes, and deletions made to the document, including the user who made the change and the timestamp.",2.3.3.11;2.3.3.12;2.3.3.13;2.3.3.14;2.3.3.15;2.3.3.16,Must,@priority_Must @req_2.3.3.11 @req_2.3.3.12 @req_2.3.3.13 @req_2.3.3.14 @req_2.3.3.15 @req_2.3.3.16 @FDA21CFR11 @HIPAA,8;11,c187bd13-bdf5-45db-9b6a-415b06ec88d3,,Healthcare\DayHealth,Release 1
"As a Clinician, I want to view the audit history of a document so that I can track changes and ensure data integrity.",I am viewing the audit history of a document | I request to export the audit history,"The audit history should be exported in a standard format (e.g., CSV, PDF) that can be easily reviewed and shared, as per requirement 2.3.3.16.",2.3.3.11;2.3.3.12;2.3.3.13;2.3.3.14;2.3.3.15;2.3.3.16,Must,@priority_Must @req_2.3.3.11 @req_2.3.3.12 @req_2.3.3.13 @req_2.3.3.14 @req_2.3.3.15 @req_2.3.3.16 @FDA21CFR11 @HIPAA,8;11,c187bd13-bdf5-45db-9b6a-415b06ec88d3,,Healthcare\DayHealth,Release 1
"As a Doctor, I want to clearly see the link between patient goals and sessions, so that I can better understand the patient's progress and tailor treatment plans accordingly.",A patient has defined goals and is participating in sessions. | I view the patient's session details in the portal.,I can clearly see how the session relates to the patient's defined goals.,2.3.3.17,Must,@priority_Must @req_2.3.3.17,8,96ab0005-0457-41fd-a8a5-a96750a0f74e,,Healthcare\DayHealth,Release 1
"As a Facilitator, I want to confirm session attendance taken through fingerprint scanner, so that I can ensure accurate attendance records.",I am a Facilitator with read access to session attendance data. | I access the system to review session attendance.,I can confirm the attendance records taken through the fingerprint scanner.,2.3.4.5,Should,@priority_Should @req_2.3.4.5,9,81a8d867-2325-4a77-b523-694586862462,,Healthcare\DayHealth,Release 1
"As a Clinician, I want to have read access to all documents and write access upon creation or special cases, so that I can view, interpret, create, and add new documents for patient care.",I am logged in as a Clinician. | I attempt to access a patient document.,I should be able to view the document.,2.4,Must,@priority_Must @req_2.4 @FDA21CFR11 @HIPAA,8,e69a0b3f-0905-4db8-8a84-a67d8e2cb703,,Healthcare\DayHealth,Release 1
"As a Clinician, I want to have read access to all documents and write access upon creation or special cases, so that I can view, interpret, create, and add new documents for patient care.",I am logged in as a Clinician. | I create a new patient document.,I should be able to save the document.,2.4,Must,@priority_Must @req_2.4 @FDA21CFR11 @HIPAA,8,e69a0b3f-0905-4db8-8a84-a67d8e2cb703,,Healthcare\DayHealth,Release 1
"As a Clinician, I want to have read access to all documents and write access upon creation or special cases, so that I can view, interpret, create, and add new documents for patient care.",I am logged in as a Clinician. | A special case allows me write access to an existing document.,I should be able to modify and save the document.,2.4,Must,@priority_Must @req_2.4 @FDA21CFR11 @HIPAA,8,e69a0b3f-0905-4db8-8a84-a67d8e2cb703,,Healthcare\DayHealth,Release 1
"As a System Administrator, I want database schema documentation and a guide for running the database setup script, so that I can properly set up and maintain the database.",I am a System Administrator responsible for database setup and maintenance. | I access the user documentation.,I can view the complete database schema.,2.7.1,Must,@priority_Must @req_2.7.1,10,1d6ddadd-128f-4015-8b1e-81ac6b88c648,,Healthcare\DayHealth,Release 1
"As a System Administrator, I want database schema documentation and a guide for running the database setup script, so that I can properly set up and maintain the database.",I am a System Administrator responsible for database setup and maintenance. | I access the user documentation.,I can follow a step-by-step guide to run the database setup script successfully.,2.7.1,Must,@priority_Must @req_2.7.1,10,1d6ddadd-128f-4015-8b1e-81ac6b88c648,,Healthcare\DayHealth,Release 1
"As a Doctor, Nurse, or Patient, I want tutorial documentation within the application so that I can easily learn how to use the system and understand proper protocols.",I am a new user of the application. | I access a feature for the first time.,"I am presented with step-by-step instructions, screenshots, and in-application tooltips to guide me through the process.",2.7.2,Must,@priority_Must @req_2.7.2 @FDA21CFR11 @HIPAA,10,948ee811-b316-4afc-a4a6-7c0b02afce23,,Healthcare\DayHealth,Release 1
"As a Doctor, Nurse, or Patient, I want tutorial documentation within the application so that I can easily learn how to use the system and understand proper protocols.",I need to understand a specific procedure within the application. | I access the tutorial documentation.,"I can find clear explanations of the procedure, including legal and business concerns.",2.7.2,Must,@priority_Must @req_2.7.2 @FDA21CFR11 @HIPAA,10,948ee811-b316-4afc-a4a6-7c0b02afce23,,Healthcare\DayHealth,Release 1
"As a facilitator, I want clear navigation and tooltips in the session application so that I can easily verify attendance, record notes, and understand the application's functionality.",I am a new facilitator using the session application | I navigate through the application,I can easily understand the purpose of each section and function due to clear navigation and helpful tooltips.,2.7.3,Should,@priority_Should @req_2.7.3,10,1217893f-85c5-4ee0-bffa-a8cfff9509cc,,Healthcare\DayHealth,Release 1
"As a Doctor, I want to view patient assessments and care plans within the system, so that I can efficiently review patient data and provide appropriate care.",I am a Doctor with access to the system. | I select a patient record.,I can view the patient's assessments and care plans in a digitized format.,2.8.2,Must,@priority_Must @req_2.8.2 @FDA21CFR11 @HIPAA,4;8;10,b3db685e-3487-4261-bd01-9e6620626f13,,Healthcare\DayHealth,Release 1
"As a Doctor, I want to quickly access patient information through the Clinician Portal so that I can efficiently review patient data and make informed decisions.",I am logged into the Clinician Portal. | I request to view a patient's information.,The patient's information is displayed in a user-friendly and easily navigable interface.,5.1.1.2,Must,@priority_Must @req_5.1.1.2,13;14,a13ecae7-0abc-4f22-887e-494b9f21867a,,Healthcare\DayHealth,Release 1
"As a Facilitator, I want to confirm session attendance taken through fingerprint scanner, so that I can ensure accurate attendance records.",the session application is running and connected to the fingerprint scanner | I access the session attendance records,I can view and confirm the attendance data captured by the fingerprint scanner.,4.2.1,Must,@priority_Must @req_4.2.1 @FDA21CFR11 @HIPAA,9;13,455bbfe1-7840-471f-a4bc-ba6963ee3d68,,Healthcare\DayHealth,Release 1
"As a Clinician Portal user, I want the application to respond quickly, so that I can efficiently access and modify patient information.",I am a user accessing the Clinician Portal. | I navigate to a page within the application.,The page should load in under 2 seconds.,5.1.1.3,Must,@priority_Must @req_5.1.1.3,13;14;15,d2ae83d7-6d7f-4a02-8dd7-f783b7930e56,,Healthcare\DayHealth,Release 1
"As a Clinician Portal user, I want the application to respond quickly, so that I can efficiently access and modify patient information.",I am a user accessing the Clinician Portal. | I navigate to a page within the application.,"On average, the page should load in under 0.5 seconds.",5.1.1.3,Must,@priority_Must @req_5.1.1.3,13;14;15,d2ae83d7-6d7f-4a02-8dd7-f783b7930e56,,Healthcare\DayHealth,Release 1
"As a Clinician Portal user, I want the application to respond quickly, so that I can efficiently access and modify patient information.",I am a user accessing the Clinician Portal. | I navigate to a page within the application.,The page should never take more than 5 seconds to load.,5.1.1.3,Must,@priority_Must @req_5.1.1.3,13;14;15,d2ae83d7-6d7f-4a02-8dd7-f783b7930e56,,Healthcare\DayHealth,Release 1
"As a Doctor, I want the Clinician Portal to load quickly, so that I can efficiently review patient data.",I am a Doctor using the Clinician Portal | I access a page within the portal,the page loads in under 2 seconds,5.1.1.4,Should,@priority_Should @req_5.1.1.4 @HIPAA,13;14;15,befdf438-ead0-41c2-abb6-cbc7671a9055,,Healthcare\DayHealth,Release 1
"As a Doctor, I want the Clinician Portal to load quickly, so that I can efficiently review patient data.",I am a Doctor using the Clinician Portal | I access a page within the portal,"on average, the page loads in under 0.5 seconds",5.1.1.4,Should,@priority_Should @req_5.1.1.4 @HIPAA,13;14;15,befdf438-ead0-41c2-abb6-cbc7671a9055,,Healthcare\DayHealth,Release 1
"As a Doctor, I want database queries to execute quickly, so that I can efficiently access patient information and make timely decisions.",the system has fewer than 25 active database connections | I execute a database query,the query returns results in less than 10 seconds,5.1.1.5,Must,@priority_Must @req_5.1.1.5,14,b47f2700-db21-45a0-98a5-f8ad4f9e993a,,Healthcare\DayHealth,Release 1
"As a Doctor, I want the Clinician Portal pages to load quickly, so that I can efficiently review patient data.",I am a Doctor using the Clinician Portal | I access a page within the portal,the page loads in under 5 seconds,5.1.2.3,Must,@priority_Must @req_5.1.2.3 @HIPAA,13;14;15,c3444975-1707-4370-97ab-0c493c116d2f,,Healthcare\DayHealth,Release 1
"As a Doctor, I want the Clinician Portal to load quickly, so that I can efficiently review patient data.",I am a Doctor accessing the Clinician Portal | I navigate to a page within the portal,the page loads in under 2 seconds on average.,5.1.2.4,Should,@priority_Should @req_5.1.2.4 @HIPAA,13;14,7b482248-47bf-452e-a4a6-edb289cc900d,,Healthcare\DayHealth,Release 1
"As a Doctor, I want the clinician portal to be accessible 99.9% of the time during business hours, so that I can reliably access patient data when needed.",The clinician portal is deployed and running | I attempt to access the portal during business hours,The portal is accessible 99.9% of the time,5.1.2.5,Must,@priority_Must @req_5.1.2.5 @HIPAA,14,8a482e31-4de8-45bc-972e-ffdfc0b82b7a,,Healthcare\DayHealth,Release 1
"As a Clinician, I want the system to audit document and data changes so that I can track modifications and maintain data integrity.","I am a clinician using the portal | I add, modify, or delete a document or data","the system should track the addition, change, or deletion, including user and timestamp.",2.3.3.11;2.3.3.12;2.3.3.13;2.3.3.14;2.3.3.15;2.3.3.16,Must,@priority_Must @req_2.3.3.11 @req_2.3.3.12 @req_2.3.3.13 @req_2.3.3.14 @req_2.3.3.15 @req_2.3.3.16 @HIPAA,8,4eba10f6-82f0-4a46-9b95-204905491bf0,,Healthcare\DayHealth,Release 1
"As a Clinician, I want the system to audit document and data changes so that I can track modifications and maintain data integrity.",I am a clinician using the portal | I request an audit report,"the system should generate a report showing the auditing history, either per user or per patient.",2.3.3.11;2.3.3.12;2.3.3.13;2.3.3.14;2.3.3.15;2.3.3.16,Must,@priority_Must @req_2.3.3.11 @req_2.3.3.12 @req_2.3.3.13 @req_2.3.3.14 @req_2.3.3.15 @req_2.3.3.16 @HIPAA,8,4eba10f6-82f0-4a46-9b95-204905491bf0,,Healthcare\DayHealth,Release 1
"As a Clinician, I want the system to audit document and data changes so that I can track modifications and maintain data integrity.",I am a clinician using the portal | I request to export an auditing history,the system should allow me to export the auditing history.,2.3.3.11;2.3.3.12;2.3.3.13;2.3.3.14;2.3.3.15;2.3.3.16,Must,@priority_Must @req_2.3.3.11 @req_2.3.3.12 @req_2.3.3.13 @req_2.3.3.14 @req_2.3.3.15 @req_2.3.3.16 @HIPAA,8,4eba10f6-82f0-4a46-9b95-204905491bf0,,Healthcare\DayHealth,Release 1
"As a Clinician, I want fingerprint scanning to return results quickly, so that I can efficiently access the system.",the clinician is using the fingerprint scanner | the clinician initiates a fingerprint scan,the system returns results within 1 second,5.1.3.2,Must,@priority_Must @req_5.1.3.2,14,9c0a8fef-46d8-4db1-a1e9-5b3de8984004,,Healthcare\DayHealth,Release 1
"As a Clinician Application, I want to ensure patient information is only accessible to authorized users, so that patient privacy is maintained and HIPAA regulations are met.",A user attempts to access patient information | The user is not authorized to view the patient's information,The application will prevent the user from accessing the information.,5.2.2.1,Must,@priority_Must @req_5.2.2.1 @HIPAA,15,8217b80d-b3b0-49ef-bc65-12cce6b52deb,,Healthcare\DayHealth,Release 1
"As a System Administrator, I want the database to be encrypted at rest so that patient data is protected and compliant with HIPAA.",The system is deployed and running | Data is stored in the database,The database is encrypted at rest.,5.3.1.1,Must,@priority_Must @req_5.3.1.1 @HIPAA,15,ce16ca83-5426-4bb3-a58f-f1d109024906,,Healthcare\DayHealth,Release 1
"As a Clinician Portal User, I want all data transfers to be secured with SSL, so that patient data is protected during transmission.",I am using the Clinician Portal. | I am accessing or modifying patient information.,All data transferred between the server and my application will be done over SSL.,5.3.1.2,Must,@priority_Must @req_5.3.1.2 @HIPAA,13;15,a00ebd1f-03ef-4ed0-8841-8fb69979f15d,,Healthcare\DayHealth,Release 1
"As a System Administrator, I want the database to only be accessible by devices on the same network so that unauthorized access to sensitive patient data is prevented.",The database server is running | A connection is attempted from a device outside the network,The connection is rejected,5.3.1.3,Must,@priority_Must @req_5.3.1.3 @HIPAA,15,7b3e4bc3-5a4a-4aab-963f-5d1e6b7bec37,,Healthcare\DayHealth,Release 1
"As a System Administrator, I want the database to only be accessible by devices on the same network so that unauthorized access to sensitive patient data is prevented.",The database server is running | A connection is attempted from a device within the same network,The connection is established,5.3.1.3,Must,@priority_Must @req_5.3.1.3 @HIPAA,15,7b3e4bc3-5a4a-4aab-963f-5d1e6b7bec37,,Healthcare\DayHealth,Release 1
"As a Doctor, I want all communication between the server and Clinician Application to be done over SSL, so that patient data is transmitted securely and complies with HIPAA.",I am a Doctor using the Clinician Application. | I access or modify patient information.,All communication between the Clinician Application and the server is encrypted using SSL.,5.3.2.1,Must,@priority_Must @req_5.3.2.1 @HIPAA,13;15,0440cb0f-cea5-472b-8382-d59794355a0a,,Healthcare\DayHealth,Release 1
"As a Session App User, I want all patient information stored locally on the computer to be encrypted so that patient data is protected and compliant with HIPAA.",The Session App is running on a computer. | Patient information is stored locally on the computer.,The patient information is encrypted.,5.3.3.1,Must,@priority_Must @req_5.3.3.1 @HIPAA,15,68231c2d-de07-4259-9c47-0f712303e85a,,Healthcare\DayHealth,Release 1
"As a Session App, I want all communication with the server to be done over SSL so that patient information stored locally is secure.",The Session App is communicating with the server | Data is being transmitted between the Session App and the server,The communication must be encrypted using SSL,5.3.3.2,Must,@priority_Must @req_5.3.3.2 @HIPAA,15,fd51ae0f-0178-4c66-9f56-302100997b06,,Healthcare\DayHealth,Release 1
"As a Doctor, I want the Clinician Application to have a high aesthetic rating so that I find it visually appealing and easy to use.",the Doctor is using the Clinician Application | they interact with the user interface,the application's aesthetics should be rated at ⅘ or above by at least 85% of clinicians.,5.4.2.1,Should,@priority_Should @req_5.4.2.1,16,ef30b23c-d3b7-44b4-bae4-b205defa015b,,Healthcare\DayHealth,Release 1
"As a Doctor, I want the Clinician application to be easy to use so that I can efficiently review patient data and improve patient care.","I am a Doctor using the Clinician application. | I am performing common tasks such as reviewing patient data, updating notes, and ordering tests.","The application should be intuitive and easy to navigate, allowing me to complete tasks quickly and efficiently.",5.4.2.2,Must,@priority_Must @req_5.4.2.2 @FDA21CFR11 @HIPAA,14;16,9dba99a4-e4ce-4562-bd61-fe8e4cebee06,,Healthcare\DayHealth,Release 1
"As a Doctor, I want the Clinician application to be easy to use so that I can efficiently review patient data and improve patient care.",A survey is conducted with clinicians after using the application. | Clinicians are asked to rate the application's ease of use.,At least 80% of clinicians should rate the application at ⅘ or above for ease of use.,5.4.2.2,Must,@priority_Must @req_5.4.2.2 @FDA21CFR11 @HIPAA,14;16,9dba99a4-e4ce-4562-bd61-fe8e4cebee06,,Healthcare\DayHealth,Release 1
"As a Doctor, I want the Clinician application to be easy to learn so that I can quickly access and interpret patient data.",I am a Doctor using the Clinician application. | I am learning to use the application.,"The application should be intuitive and easy to understand, allowing me to quickly become proficient.",5.4.2.3,Must,@priority_Must @req_5.4.2.3 @FDA21CFR11 @HIPAA,8;16,6fccb2f0-462d-435f-ae62-4cdbba4c7571,,Healthcare\DayHealth,Release 1
"As a Doctor, I want the Clinician application to be easy to learn so that I can quickly access and interpret patient data.",We survey Doctors on their experience with the Clinician application. | 90% of Doctors rate the application at 4/5 or above for ease of learning.,The application meets the ease of learning requirement.,5.4.2.3,Must,@priority_Must @req_5.4.2.3 @FDA21CFR11 @HIPAA,8;16,6fccb2f0-462d-435f-ae62-4cdbba4c7571,,Healthcare\DayHealth,Release 1
"As a Facilitator, I want the Session App to have an appealing aesthetic so that I can effectively engage users during sessions.",the facilitator is using the Session App | they are interacting with the user interface,the app's aesthetics should be rated at 4/5 or above by at least 85% of facilitators.,5.4.3.1,Should,@priority_Should @req_5.4.3.1 @FDA21CFR11 @HIPAA,16,3414fb1b-9417-4da1-ad75-5a99e7eaafc4,,Healthcare\DayHealth,Release 1
"As a Nurse, I want to be able to easily add and modify patient data, so that I can accurately maintain patient records.",I am a nurse logged into the system. | I add or modify patient data.,The system should allow me to do so easily and efficiently.,5.4.3.2,Must,@priority_Must @req_5.4.3.2 @FDA21CFR11 @HIPAA,5;8;16,aef5a6f5-4f05-4edc-b7cc-0cc2400483e1,,Healthcare\DayHealth,Release 1
"As a Nurse, I want to be able to easily add and modify patient data, so that I can accurately maintain patient records.","I am a nurse. | I add, modify, or delete patient data.","The system should track these changes for auditing purposes, including user, timestamp, and specific data changed.",5.4.3.2,Must,@priority_Must @req_5.4.3.2 @FDA21CFR11 @HIPAA,5;8;16,aef5a6f5-4f05-4edc-b7cc-0cc2400483e1,,Healthcare\DayHealth,Release 1
"As a Facilitator, I want the Session App to be easy to learn so that I can quickly and effectively use it to manage sessions.",The facilitator is a new user of the Session App. | The facilitator completes the initial training and uses the app for a few sessions.,The facilitator rates the Session App at 4/5 or above for ease of learning.,5.4.3.3,Must,@priority_Must @req_5.4.3.3 @FDA21CFR11 @HIPAA,16,0d1844fe-1194-402f-982c-5ef87217e3f4,,Healthcare\DayHealth,Release 1
"As a Facilitator, I want the Session App to be easy to learn so that I can quickly and effectively use it to manage sessions.",A survey is conducted among facilitators after using the Session App. | The survey results are analyzed.,At least 90% of facilitators rate the Session App at 4/5 or above for ease of learning.,5.4.3.3,Must,@priority_Must @req_5.4.3.3 @FDA21CFR11 @HIPAA,16,0d1844fe-1194-402f-982c-5ef87217e3f4,,Healthcare\DayHealth,Release 1
"As a Doctor, I want to access patient information through a web-based Clinician Portal, so that I can efficiently review patient data and modify information in the database.",I am a Doctor logged into the Clinician Portal. | I navigate to a patient's record.,I should be able to view and modify patient information in the database.,AUTO-1,Must,@priority_Must @req_AUTO-1 @FDA21CFR11 @HIPAA,4;13,2f19080b-c4fc-4ee7-ae1a-149ad532b791,,Healthcare\DayHealth,Release 1
"As a Doctor, I want to access patient information through a web-based Clinician Portal, so that I can efficiently review patient data and modify information in the database.",I am a Doctor using the Clinician Portal. | I access the portal through a web browser.,The interface should be easy to learn and navigate quickly.,AUTO-1,Must,@priority_Must @req_AUTO-1 @FDA21CFR11 @HIPAA,4;13,2f19080b-c4fc-4ee7-ae1a-149ad532b791,,Healthcare\DayHealth,Release 1
"As a Doctor, I want to view audit reports of patient data changes, so that I can ensure data integrity and compliance with regulations.",I am a Doctor logged into the system. | I request an audit report for a specific patient.,"I should see a report showing the history of additions, changes, and deletions to the patient's documents and data, including the user who made the changes and the timestamp.",2,Must,@priority_Must @req_2 @FDA21CFR11 @HIPAA,8,cff2a72e-425d-4891-9277-503b84810b84,,Healthcare\DayHealth,Release 1
"As a Doctor, I want to view audit reports of patient data changes, so that I can ensure data integrity and compliance with regulations.",I am a Doctor logged into the system. | I request an audit report for all patients.,"I should see a report showing the history of additions, changes, and deletions to all patients' documents and data, including the user who made the changes and the timestamp.",2,Must,@priority_Must @req_2 @FDA21CFR11 @HIPAA,8,cff2a72e-425d-4891-9277-503b84810b84,,Healthcare\DayHealth,Release 1
"As a Day Health Staff, I want to digitize patient assessments and care plans, so that I can automate tracking of individuals through the program and improve the current physical workflow.",I am a Day Health Staff member. | I access the Trillium Health Day Health Manager system.,I can create and store patient assessments and care plans digitally.,1,Must,@priority_Must @req_1,4,2630be87-92a0-4589-a775-c5f4e26e35e2,,Healthcare\DayHealth,Release 1
"As a Day Health Staff, I want to digitize patient assessments and care plans, so that I can automate tracking of individuals through the program and improve the current physical workflow.",Patient assessments and care plans are stored digitally. | A patient signs in/out.,The system automatically tracks the individual's progress through the program.,1,Must,@priority_Must @req_1,4,2630be87-92a0-4589-a775-c5f4e26e35e2,,Healthcare\DayHealth,Release 1
"As a Day Health staff member, I want to digitize patient assessments and care plans, so that I can automate tracking of individuals through the program.",I am a Day Health staff member. | I access the system.,I can create and store patient assessments and care plans digitally.,1.2,Must,@priority_Must @req_1.2,4,2d2bb89c-8b78-43c3-9333-ca79f10c694c,,Healthcare\DayHealth,Release 1
"As a Doctor, I want to access the Clinician Portal so that I can review patient data stored in the database.",I am a Doctor with appropriate credentials. | I log into the system via the Clinician Portal.,I can view patient data stored in the database.,1.3,Must,@priority_Must @req_1.3 @FDA21CFR11 @HIPAA,4;5,569600a7-d599-433d-a8da-45e6a042c640,,Healthcare\DayHealth,Release 1
"As a Doctor, I want to add, modify, or check any patient data stored in the system, so that I can effectively manage patient information.",I am logged into the system as a Doctor. | I access the patient data section.,"I should be able to add, modify, or check patient data.",1.5,Must,@priority_Must @req_1.5 @FDA21CFR11 @HIPAA,5,b70ee240-a075-4aca-a337-7677bfa78d11,,Healthcare\DayHealth,Release 1
"As a Doctor, I want to view patient data in the clinician portal so that I can efficiently review patient information and provide better care.",I am logged into the clinician portal. | I select a patient.,I can view the patient's relevant documents and clinical information in an organized manner.,2,Must,@priority_Must @req_2 @FDA21CFR11 @HIPAA,4;6,a13a3f38-09bb-424e-86a2-89d59342669a,Implement Clinician Portal,Healthcare\DayHealth,Release 1
"As a Doctor, I want to view organized patient data in the clinician portal so that I can efficiently review patient information and make informed decisions.",I am logged into the clinician portal as a Doctor. | I select a patient.,I can view the patient's relevant documents and clinical information organized in a meaningful way.,2.1,Must,@priority_Must @req_2.1 @HIPAA,6,f0d52e99-1fe9-4d95-90ed-a582b8426fda,Implement Clinician Portal,Healthcare\DayHealth,Release 1
"As a Doctor, I want to view patient care plans so that I can effectively review and manage patient treatment.",I am logged into the clinician portal as a Doctor. | I select a patient from the patient list.,"I can view the patient's current care plan, including updates and changes.",2.2;2.3.2.8;2.3.2.11,Must,@priority_Must @req_2.2 @req_2.3.2.8 @req_2.3.2.11 @FDA21CFR11 @HIPAA,6,2d3c7e56-665c-4979-9bea-46655b6f5722,Implement Clinician Portal,Healthcare\DayHealth,Release 1
"As a Doctor, I want the application to have tutorial documentation so that I can quickly learn how to use the system and understand proper protocols.",I am a new Doctor user of the application. | I access the application for the first time.,I am presented with tutorial documentation that explains procedures in step-by-step instructions with screenshots.,2.3,Should,@priority_Should @req_2.3,10,9303be75-30e5-4ffc-b9a4-1649388674aa,,Healthcare\DayHealth,Release 1
"As a Trillium IT Administrator, I want a way to install the database so that the system can be set up and ready for use.",I am a Trillium IT Administrator with access to the installation package | I run the database setup script,the database is installed correctly and ready to host patient and clinical information.,2.3.1.1,Must,@priority_Must @req_2.3.1.1,6;10,974710c5-6117-46d6-b719-2e3bae299c38,,Healthcare\DayHealth,Release 1
"As a Doctor, I want to access patient data in the clinician portal so that I can review patient information efficiently.",I am logged into the clinician portal. | I select a patient.,I can view the patient's relevant documents and clinical information.,2.3.1.2,Must,@priority_Must @req_2.3.1.2 @FDA21CFR11 @HIPAA,6,c1f650d5-cdd6-4e38-b0e1-37b7d276c133,,Healthcare\DayHealth,Release 1
"As a Clinician, I want to access a clinician portal so that I can present and organize patient data from the database.",The database contains patient and clinical information. | I log into the system.,I should be able to access a clinician portal to view and organize patient data.,2.3.1.3,Must,@priority_Must @req_2.3.1.3 @FDA21CFR11 @HIPAA,6,d5bd9469-1afb-4b4d-8647-626c661b4569,,Healthcare\DayHealth,Release 1
"As a Doctor, I want to access patient care plans through the Clinician Portal, so that I can review and track updates to the plans efficiently.",I am logged into the Clinician Portal. | I select a patient.,"I can view the patient's care plan, including updates and changes.",5.1.1,Must,@priority_Must @req_5.1.1 @FDA21CFR11 @HIPAA,6;13,9e5fc573-ffd1-4f42-b8c0-ab93d354f3fd,,Healthcare\DayHealth,Release 1
"As a Doctor, I want to view the audit history of patient documents and data, so that I can ensure data integrity and compliance.",I am logged into the Clinician Portal and viewing a patient's record. | I request to view the audit history for a specific document or data element.,"I should see a report showing additions, changes, and deletions, including the user and timestamp for each action.",2.3.3,Must,@priority_Must @req_2.3.3 @FDA21CFR11 @HIPAA,8,a36c5efa-4c57-495a-af53-3195aca5e963,,Healthcare\DayHealth,Release 1
"As a Doctor, I want to view the audit history of patient documents and data, so that I can ensure data integrity and compliance.",I am logged into the Clinician Portal. | I request an audit history report for a specific user or patient.,I should be able to export the audit history in a standard format.,2.3.3,Must,@priority_Must @req_2.3.3 @FDA21CFR11 @HIPAA,8,a36c5efa-4c57-495a-af53-3195aca5e963,,Healthcare\DayHealth,Release 1
"As an IT person, I want to configure a new data piece, so that I can integrate new data sources into the system.",I am an IT person with access to the configuration settings. | I configure a new data piece.,The system stores the configuration and allows the data piece to be used for data integration.,2.3.3.1,Should,@priority_Should @req_2.3.3.1,12,0727dc20-8963-42dd-8568-6c8e8ab4d42f,,Healthcare\DayHealth,Release 1
"As an IT person, I want to edit an external data source configuration so that I can ensure the system receives the correct data.",I am logged in as an IT person. | I navigate to the external data source configuration page.,I can modify the configuration settings and save the changes.,2.3.3.2,Should,@priority_Should @req_2.3.3.2,12,10bf77db-2d1a-429d-aeae-c9f90c4b5759,,Healthcare\DayHealth,Release 1
"As a user, I want to view a list of sessions so that I can select a particular session to see more details.",The user is logged into the portal | I navigate to the sessions page,I should see a list of sessions displayed,2.3.3.3,Must,@priority_Must @req_2.3.3.3,7,b0c0a546-d260-4c3c-9fce-24983bb6c668,,Healthcare\DayHealth,Release 1
"As a user, I want to view a list of sessions so that I can select a particular session to see more details.",I am viewing the list of sessions | I select a session from the list,I should be able to see more details about the selected session,2.3.3.3,Must,@priority_Must @req_2.3.3.3,7,b0c0a546-d260-4c3c-9fce-24983bb6c668,,Healthcare\DayHealth,Release 1
"As a Doctor, I want to view a Metrics page, so that I can easily review patient data and track progress.",I am logged into the system as a Doctor. | I navigate to the Metrics page.,I should be able to view relevant patient metrics.,2.3.3.4,Should,@priority_Should @req_2.3.3.4,7,05294210-26f5-4f73-a50c-5ad0e89e1bf4,,Healthcare\DayHealth,Release 1
"As a Clinician, I want to view overall program statistics, so that I can monitor patient progress and program effectiveness.",I am logged into the Clinician Portal. | I navigate to the program statistics section.,I can view overall program statistics.,2.3.3.4.1,Should,@priority_Should @req_2.3.3.4.1,11;16,933bb33d-1099-4396-8d5b-edf0bc4ce8f1,,Healthcare\DayHealth,Release 1
"As a Clinician, I want to run a billing report so that I can track total dollars billed.",I am a logged-in Clinician | I initiate the billing report generation,I should be able to view a report displaying the total dollars billed.,2.3.3.4.3,Must,@priority_Must @req_2.3.3.4.3 @HIPAA,12,89ae4778-6dcb-43e6-b867-5dd9183b2348,,Healthcare\DayHealth,Release 1
"As a Clinician, I want to view overall program statistics, so that I can monitor patient progress and program effectiveness.",I am logged into the Clinician Portal. | I navigate to the program statistics section.,"I should see overall program statistics, including average percentage attendance for ADHP (2.3.3.4.4).",2.3.3.4.4;DHM_UC_24,Should,@priority_Should @req_2.3.3.4.4 @req_DHM_UC_24,11,1f2a3c55-f8fe-4c4c-a080-9e102ecf6e5d,,Healthcare\DayHealth,Release 1
"As a Clinician, I want to store individual notes for a session so that I can accurately document patient progress and treatment plans.",The clinician is logged into the system and viewing a specific session. | The clinician enters and saves individual notes for the session.,"The system stores the notes securely and associates them with the correct session and clinician, adhering to HIPAA regulations.",2.3.3.4.5,Must,@priority_Must @req_2.3.3.4.5 @HIPAA,7;16,6301fe0d-a335-4298-9495-b2c4a17b0331,,Healthcare\DayHealth,Release 1
"As a Clinician, I want to view the audit history of a document, so that I can track changes and ensure data integrity.",I am a logged-in Clinician | I select a document,"I can view the audit history of the document, including who made changes and when",2.3.3.4.6,Should,@priority_Should @req_2.3.3.4.6 @FDA21CFR11 @HIPAA,11,a122b9a4-7f69-4f76-b45c-18b743c08d48,,Healthcare\DayHealth,Release 1
"As a Doctor, I want to see Session information, so that I can review patient progress and make informed decisions.",I am logged into the system as a Doctor. | I select a particular session from the list of sessions.,"I can see Session information including Facilitator information, Time and scheduling, Attendance, and Group and Individual notes.",2.3.3.4.7,Should,@priority_Should @req_2.3.3.4.7,7,427e47c7-4cc3-4766-b332-87afd3ee144e,,Healthcare\DayHealth,Release 1
"As a Doctor, I want to view session information including facilitator, time, scheduling, attendance, and notes, so that I can effectively review patient progress and plan future care.",I am logged into the system as a Doctor and viewing a patient's page. | I select a specific session from the list of sessions.,"I should be able to see detailed session information, including facilitator information, time and scheduling, attendance, and group and individual notes.",2.3.3.5,Should,@priority_Should @req_2.3.3.5,7,6734ab19-4f4b-44c6-93d5-723d892ead5e,,Healthcare\DayHealth,Release 1
"As a Doctor, I want to view a patient's care plan, so that I can review their treatment and progress.",I am logged in as a Doctor and viewing a patient's record. | I select the option to view the patient's care plan.,I should be able to see the patient's care plan details.,2.3.3.5.1,Must,@priority_Must @req_2.3.3.5.1 @FDA21CFR11 @HIPAA,11,aca0aadf-e3fa-44eb-add5-d5d9249890cf,,Healthcare\DayHealth,Release 1
"As a Doctor, I want to access links to other patient documents within the EHR, so that I can have a comprehensive view of the patient's medical history.",I am a Doctor viewing a patient's EHR. | I am viewing a specific document within the EHR.,I should see clearly labeled links to other relevant documents for that patient.,2.3.3.5.2,Must,@priority_Must @req_2.3.3.5.2 @FDA21CFR11 @HIPAA,,a259f8fc-3fa7-4309-ac71-6ad41aefeaee,,Healthcare\DayHealth,Release 1
"As a Doctor, I want to access links to other patient documents within the EHR, so that I can have a comprehensive view of the patient's medical history.",I click on a link to another patient document. | The system redirects me.,The linked document should open within the EHR.,2.3.3.5.2,Must,@priority_Must @req_2.3.3.5.2 @FDA21CFR11 @HIPAA,,a259f8fc-3fa7-4309-ac71-6ad41aefeaee,,Healthcare\DayHealth,Release 1
"As a Facilitator, I want to check in to a session or day through a fingerprint scanner so that I can quickly and accurately record attendance.",I am a Facilitator with low system experience. | I use the fingerprint scanner to check in a participant.,The system accurately records the participant's attendance for the session or day.,2.3.3.5.3,Must,@priority_Must @req_2.3.3.5.3 @FDA21CFR11 @HIPAA,9,29783f7c-b8d7-4a25-a66a-f7c5c51282bf,,Healthcare\DayHealth,Release 1
"As a Clinician, I want to view the audit history of a document, so that I can track changes and ensure data integrity.",I am a Clinician accessing the system. | I view a specific document.,"I can access and view the audit history for that document, including additions, changes, and deletions.",2.3.3.8.1,Must,@priority_Must @req_2.3.3.8.1 @FDA21CFR11 @HIPAA,8;11,50eeeacd-1394-4391-a4ea-c590a9af6fed,,Healthcare\DayHealth,Release 1
"As a user, I want to create new assessment types so that I can support various patient needs and data collection requirements.",I am a user with the appropriate permissions. | I navigate to the assessment types management section.,"I can create a new assessment type with relevant details (e.g., name, description, data fields).",2.3.3.9.2,Must,@priority_Must @req_2.3.3.9.2 @FDA21CFR11 @HIPAA,7,437404f5-333f-4a54-a14a-704709b66367,,Healthcare\DayHealth,Release 1
"As a Clinician, I want to approve a Care Plan so that the patient's treatment can proceed.","A Care Plan is submitted for approval. | I, as a Clinician, review the Care Plan.",I can approve the Care Plan.,2.3.3.10.2,Must,@priority_Must @req_2.3.3.10.2 @FDA21CFR11 @HIPAA,11,ab33f4ea-adbb-48ed-82f8-0077692a3a02,,Healthcare\DayHealth,Release 1
"As a Doctor, I want to view patient documents within the application, so that I can easily access all relevant information for patient care.",I am logged in as a Doctor and viewing a patient's record. | I navigate to the 'Documents' section.,I should be able to view the patient's documents directly within the application.,2.3.3.18,Must,@priority_Must @req_2.3.3.18 @FDA21CFR11 @HIPAA,6,7ae58607-e46c-467c-b188-535e0fdf7d99,,Healthcare\DayHealth,Release 1
"As a Facilitator, I want to confirm session attendance taken through fingerprint scanner, so that I can ensure accurate attendance records.",The fingerprint scanner has recorded session attendance. | I access the system as a Facilitator.,I can review and confirm the attendance records captured by the fingerprint scanner.,2.3.3.19,Should,@priority_Should @req_2.3.3.19,9,9fe1d458-8b92-42c7-85e9-5ca13163fca7,,Healthcare\DayHealth,Release 1
"As a user, I want to add, modify, or check patient data stored in the system so that I can manage patient information effectively.","I have access to the system. | I attempt to add, modify, or check patient data.",The system allows me to perform these actions while adhering to HIPAA regulations.,2.6.3,Must,@priority_Must @req_2.6.3 @FDA21CFR11 @HIPAA,5,641f9962-307c-49f3-9364-1340cdb36c84,,Healthcare\DayHealth,Release 1
"As a Clinician, I want to easily access and modify patient information through a web-based application, so that I can efficiently manage patient data.",I am a clinician using the Clinician Portal | I access or modify patient information,the application should be easy to learn and navigate quickly.,2.3.4.1,Must,@priority_Must @req_2.3.4.1 @FDA21CFR11 @HIPAA,13,08d4a8cc-84f3-47d4-aff1-028a8dc99c58,,Healthcare\DayHealth,Release 1
"As a Facilitator, I want a backup way to sign-in and out in case of fingerprint scanner error, so that session attendance can be accurately recorded even when the primary method fails.",The fingerprint scanner is unavailable or malfunctioning. | The Facilitator attempts to record session attendance.,"The system provides an alternative method for signing in and out, such as manual entry or code.",2.3.4.3,Must,@priority_Must @req_2.3.4.3 @HIPAA,9,3d340595-c6c5-4100-a1dc-395b2bcb141a,,Healthcare\DayHealth,Release 1
"As a Facilitator, I want to be able to override sign-in or sign-out in case of fingerprint or backup error, so that attendance can be accurately recorded even with technical issues.",The fingerprint scanner is unavailable or a backup error has occurred during sign-in/sign-out. | The Facilitator attempts to override the sign-in/sign-out process.,"The system allows the Facilitator to manually record the attendance, while maintaining an audit log of the override action.",2.3.4.4,Must,@priority_Must @req_2.3.4.4 @FDA21CFR11 @HIPAA,8,cd35ba62-501e-4019-8c87-03b32b21f49f,,Healthcare\DayHealth,Release 1
"As a Facilitator, I want the ability to create a new session so that I can schedule and manage patient activities.",I am logged in as a Facilitator. | I navigate to the session management section.,"I can create a new session with details such as date, time, participants, and session leader.",2.3.4.6,Must,@priority_Must @req_2.3.4.6,5,e03258f7-4795-47b2-ae78-bd33e98deb8f,,Healthcare\DayHealth,Release 1
"As a Doctor, I want to check patient data stored in the system so that I can review patient information efficiently.",I am logged in as a Doctor. | I access the patient data section.,I can view patient information.,2.5.3,Must,@priority_Must @req_2.5.3 @FDA21CFR11 @HIPAA,5,3375a838-a8be-4fe0-adaa-b87b2c9f3fdb,,Healthcare\DayHealth,Release 1
"As a Doctor, I want to access patient information through the Clinician Portal so that I can review patient data efficiently.",I am a Doctor logged into the Clinician Portal. | I search for a patient.,I can view the patient's relevant documents and clinical information.,2.6.1,Must,@priority_Must @req_2.6.1 @HIPAA,6;13,c9716534-06d3-47d8-ae79-4f2f64353527,,Healthcare\DayHealth,Release 1
"As a Doctor, I want to access patient data through a web-based Clinician Portal so that I can easily review patient information.",I am a logged-in Doctor | I access the Clinician Portal,I should be able to view patient data.,2.6.2,Must,@priority_Must @req_2.6.2 @HIPAA,13;15,00641622-bb3d-445e-a065-7f391d153bae,,Healthcare\DayHealth,Release 1
"As a Doctor, I want to access patient data through a web-based Clinician Portal so that I can easily review patient information.",I am a logged-in Doctor | I access the Clinician Portal,The interface must be easy to learn and navigate quickly.,2.6.2,Must,@priority_Must @req_2.6.2 @HIPAA,13;15,00641622-bb3d-445e-a065-7f391d153bae,,Healthcare\DayHealth,Release 1
"As a new user, I want tutorial documentation so that I can learn how to use the application and understand legal and business concerns.",I am a new user of the application. | I access the application's documentation.,I should find step-by-step instructions with screenshots and in-app guidance.,2.7,Must,@priority_Must @req_2.7,10,df1f87b6-3cde-4d68-b994-b21d2150b588,,Healthcare\DayHealth,Release 1
"As a Doctor, I want to access tutorial documentation within the application, so that I can quickly learn how to use the system and understand proper protocols.",I am a new Doctor user of the application. | I access the application for the first time.,"I am presented with tutorial documentation, including step-by-step instructions, screenshots, and in-app guidance.",2.8,Should,@priority_Should @req_2.8,10,1f15797c-47ab-48b3-b4a0-3b9ee8624683,,Healthcare\DayHealth,Release 1
"As a Clinician, I want to access the system through a web-based Clinician Portal so that I can easily access and modify patient information.",I am a Clinician with appropriate credentials | I access the Clinician Portal,I should be able to easily navigate and learn the interface to access and modify patient information.,2.8.3,Must,@priority_Must @req_2.8.3 @FDA21CFR11 @HIPAA,13,be545b08-b533-4efd-b075-79462cbd632f,,Healthcare\DayHealth,Release 1
"As a Clinician, I want to add a new patient, so that I can manage their care within the system.",I am logged into the system as a Clinician. | I enter all required patient information and save.,The new patient record is created and stored in the system.,3,Must,@priority_Must @req_3 @FDA21CFR11 @HIPAA,11,65c3f511-b6a1-4f6c-8bf8-60ce424133c2,,Healthcare\DayHealth,Release 1
"As a Clinician, I want to run a billing report so that I can track revenue and ensure accurate billing.",I am logged into the Clinician Portal. | I request to run a billing report.,The system generates a report with relevant billing information.,4,Should,@priority_Should @req_4,12;13,084b874b-e00d-4f7c-aabc-8161029574d1,,Healthcare\DayHealth,Release 1
"As a Clinician, I want to log in so that I can access patient information and manage care plans.",I am a registered clinician with valid credentials | I enter my username and password into the clinician portal,I am successfully logged into the system and can access my dashboard,4.1,Must,@priority_Must @req_4.1 @HIPAA,11;13,65fa9a40-2b58-4a22-a4ab-c1a86c3509d1,,Healthcare\DayHealth,Release 1
"As a Doctor, I want to view auditing history reports per patient so that I can track changes to patient data and ensure data integrity.",I am logged into the Clinician Portal as a Doctor. | I select a patient and navigate to the auditing history report.,"I should see a report displaying the history of additions, changes, and deletions of documents and data for that patient.",4.3.1,Must,@priority_Must @req_4.3.1 @FDA21CFR11 @HIPAA,8,8cbe08d1-8690-4095-9dda-3282c54ce51c,,Healthcare\DayHealth,Release 1
"As a Clinician, I want all communication between the server and Clinician Application to be done over SSL, so that patient data is secure and compliant with HIPAA.",The Clinician is using the Clinician Application | The Clinician Application communicates with the server,The communication is encrypted using SSL,4.4.1,Must,@priority_Must @req_4.4.1 @HIPAA,15,dadaf903-68a9-4c4f-ada8-2c1d183f6d35,,Healthcare\DayHealth,Release 1
"As a Doctor, I want to quickly access patient information through the Clinician Portal so that I can efficiently review patient data.",I am logged into the Clinician Portal. | I request to view a patient's record.,The patient's information is displayed within 2 seconds.,5,Must,@priority_Must @req_5,13;14,bd869b36-1221-43db-aaff-36ad08100b5f,,Healthcare\DayHealth,Release 1
"As a Doctor, I want the Clinician Portal to load pages quickly so that I can efficiently access patient information and provide timely care.",I am a Doctor using the Clinician Portal with one user online | I access a page within the portal,the page loads in under 2 seconds,5.1,Must,@priority_Must @req_5.1,13;14,4aa7ed69-11ff-4ecd-9870-904762d26a1d,,Healthcare\DayHealth,Release 1
"As a Doctor, I want the Clinician Portal to load pages quickly so that I can efficiently access patient information and provide timely care.",I am a Doctor using the Clinician Portal with one user online | I access a page within the portal,"on average, the page loads in under 0.5 seconds",5.1,Must,@priority_Must @req_5.1,13;14,4aa7ed69-11ff-4ecd-9870-904762d26a1d,,Healthcare\DayHealth,Release 1
"As a Doctor, I want the Clinician Portal to load pages quickly so that I can efficiently access patient information and provide timely care.",I am a Doctor using the Clinician Portal | I access a page within the portal,the page never takes more than 5 seconds to load,5.1,Must,@priority_Must @req_5.1,13;14,4aa7ed69-11ff-4ecd-9870-904762d26a1d,,Healthcare\DayHealth,Release 1
"As a Doctor, I want to access patient data quickly through the Clinician Portal so that I can efficiently review patient information and make informed decisions.",I am a Doctor logged into the Clinician Portal. | I request to view a patient's data.,The patient's data should load in under 2 seconds.,5.1.1.1,Must,@priority_Must @req_5.1.1.1 @HIPAA,8;13;14,ff37c065-154f-4c46-b014-b99fb12e4316,,Healthcare\DayHealth,Release 1
"As a Nurse, I want to update patient vitals so that patient records are accurate and up-to-date.",the Nurse is logged into the system and has selected a patient | the Nurse enters new vital signs data,the system should save the data to the patient's EHR and display a confirmation message,5.1.2,Must,@priority_Must @req_5.1.2 @FDA21CFR11 @HIPAA,4,9a36b1ee-200a-4aae-80fc-554f662a5240,,Healthcare\DayHealth,Release 1
"As a user, I want to add, modify, or check on any session data so that I can manage sessions effectively.",I have access to the system. | I navigate to the session section.,"I can add a new session, modify a session leader, or check which classes are scheduled on a specific day.",5.1.3,Must,@priority_Must @req_5.1.3,5,3bd45bdc-52a5-4dcf-ad05-78cb739eb528,,Healthcare\DayHealth,Release 1
"As a User, I want the Session app to be operational 99.99% of the time, so that I can reliably access and manage session data.",The Session app is deployed | there is an internet connection or no internet connection,the app remains operational 99.99% of the time.,5.1.3.3,Must,@priority_Must @req_5.1.3.3 @HIPAA,5,9699e889-b138-497f-8da6-c8f2c546d64c,,Healthcare\DayHealth,Release 1
"As a Doctor, I want the application to load quickly, so that I can efficiently review patient data.",I am a Doctor using the application | I access a page within the application,the page loads in under 2 seconds,5.2,Should,@priority_Should @req_5.2,14;15,85418a4e-446b-4143-b597-1e50fcd349cd,,Healthcare\DayHealth,Release 1
"As a Doctor, I want the application to load quickly, so that I can efficiently review patient data.",I am a Doctor using the application | I access a page within the application,"on average, the page loads in under 0.5 seconds",5.2,Should,@priority_Should @req_5.2,14;15,85418a4e-446b-4143-b597-1e50fcd349cd,,Healthcare\DayHealth,Release 1
"As a Doctor, I want the application to load quickly, so that I can efficiently review patient data.",I am a Doctor using the application | I access a page within the application,the page never takes more than 5 seconds to load,5.2,Should,@priority_Should @req_5.2,14;15,85418a4e-446b-4143-b597-1e50fcd349cd,,Healthcare\DayHealth,Release 1
"As a Doctor, I want to access patient care plans through the Clinician Portal so that I can efficiently review and manage patient treatment (6).",I am a logged-in Doctor using the Clinician Portal (13) | I select a patient,"I can view the patient's care plan, including updates and changes (6)",5.2.1,Must,@priority_Must @req_5.2.1 @FDA21CFR11 @HIPAA,6;13,b92a4e5f-a742-4785-8420-334e719684ab,,Healthcare\DayHealth,Release 1
"As a Clinician Portal user, I want all communication between the server and the application to be done over SSL, so that patient data is protected during transmission.",I am a user of the Clinician Portal. | I access or modify information in the database.,All communication between the server and the application is encrypted using SSL.,5.2.1.1,Must,@priority_Must @req_5.2.1.1 @HIPAA,13;15,dc3d8271-c4be-4dbd-840c-db204664d3a9,,Healthcare\DayHealth,Release 1
"As a Day Health staff member, I want to digitize patient assessments, care plans, and sign-in/outs, so that I can improve the tracking and care of patients in the Day Health program.",I am a Day Health staff member | I access the Trillium Health Day Health Manager,"I can input and store patient assessments, care plans, and sign-in/out information digitally.",5.2.2,Must,@priority_Must @req_5.2.2 @FDA21CFR11 @HIPAA,4,ef9b62f9-1265-4c4d-aed0-dee12c80aefc,,Healthcare\DayHealth,Release 1
"As a Doctor, I want to view reports showing auditing history, so that I can track changes to patient data and ensure data integrity.",I am a Doctor with access to the system. | I request an audit report for a specific patient.,"I should see a report detailing additions, modifications, and deletions of documents and data related to that patient, including the user who made the changes and the timestamps.",5.2.3.1,Must,@priority_Must @req_5.2.3.1 @FDA21CFR11 @HIPAA,8;14,1ac23ddd-f53b-4206-ad19-3ca5605a90b1,,Healthcare\DayHealth,Release 1
"As a Clinician Portal user, I want all communication between the server and the application to be done over SSL, so that patient data is transmitted securely.",The user is accessing the Clinician Portal application. | Data is being transmitted between the server and the application.,The communication must be encrypted using SSL.,5.3,Must,@priority_Must @req_5.3,13;15,3271bd4a-0bc7-460c-a392-7b618509a8f2,,Healthcare\DayHealth,Release 1
"As a Doctor, I want to access patient care plans through the clinician portal, so that I can review and track patient progress.",I am logged into the Clinician Portal. | I select a patient.,"I can view the patient's care plan, including updates and changes.",5.3.1,Must,@priority_Must @req_5.3.1 @HIPAA,6;13,b15bcd67-787b-445e-8b42-c21c5bb270fa,,Healthcare\DayHealth,Release 1
"As a Nurse, I want to update patient vitals so that the EHR contains the most current patient information.",the Nurse is logged into the system and has selected a patient | the Nurse enters new vital signs data,"the system should save the data to the EHR, adhering to HIPAA regulations.",5.3.2,Must,@priority_Must @req_5.3.2 @FDA21CFR11 @HIPAA,4,f06ef03b-9632-42c6-b117-4d0ad8c098f8,,Healthcare\DayHealth,Release 1
"As a user, I want to add, modify, or check on any session data so that I can manage sessions effectively.",I have access to the session section of the application | I attempt to add a new session,the system allows me to input all required session details.,5.3.3,Must,@priority_Must @req_5.3.3,5,4dbede1a-3d42-4949-a4a3-5aa5bec93eab,,Healthcare\DayHealth,Release 1
"As a user, I want to add, modify, or check on any session data so that I can manage sessions effectively.",I have access to the session section of the application | I attempt to modify a session leader,the system allows me to select a new session leader from a list of available users.,5.3.3,Must,@priority_Must @req_5.3.3,5,4dbede1a-3d42-4949-a4a3-5aa5bec93eab,,Healthcare\DayHealth,Release 1
"As a user, I want to add, modify, or check on any session data so that I can manage sessions effectively.",I have access to the session section of the application | I attempt to check which classes are scheduled on a specific day,the system displays a list of all classes scheduled for that day.,5.3.3,Must,@priority_Must @req_5.3.3,5,4dbede1a-3d42-4949-a4a3-5aa5bec93eab,,Healthcare\DayHealth,Release 1
"As a System Administrator, I want the system to audit all data changes so that we can maintain data integrity and comply with regulations.","The system is running and a user modifies patient data. | The user adds, changes, or deletes a document or data.","The system should track the addition, change, or deletion, including the user and timestamp.",5.4,Must,@priority_Must @req_5.4 @FDA21CFR11 @HIPAA,8;15,1f0babdc-7ab3-4acb-9476-e4c829c6f662,,Healthcare\DayHealth,Release 1
"As a System Administrator, I want the system to audit all data changes so that we can maintain data integrity and comply with regulations.",The system has auditing data. | A user requests an audit report.,"The system should generate reports showing auditing history, per user or per patient, and allow export of auditing histories.",5.4,Must,@priority_Must @req_5.4 @FDA21CFR11 @HIPAA,8;15,1f0babdc-7ab3-4acb-9476-e4c829c6f662,,Healthcare\DayHealth,Release 1
"As a Doctor, I want to access patient care plans through the clinician portal so that I can efficiently review and manage patient treatment (EHR).",I am logged into the Clinician Portal. | I select a patient.,I can view the patient's care plan.,5.4.1,Must,@priority_Must @req_5.4.1 @FDA21CFR11 @HIPAA,6;13,3918a7a1-8d89-44ef-84e1-f6c86c5d7b66,,Healthcare\DayHealth,Release 1
"As a Clinician, I want to be able to view a patient's care plan so that I can monitor their progress and make necessary adjustments. ",I am a logged-in Clinician | I select a patient,"I can view the patient's care plan, including updates and changes.",5.4.1.1,Must,@priority_Must @req_5.4.1.1,6;11;13,4246c8f4-e5ad-4a05-a704-fe8c5127152e,,Healthcare\DayHealth,Release 1
"As a Clinician, I want the application to communicate with the server over SSL so that patient data is transmitted securely.",I am a Clinician using the application. | I am accessing or modifying patient information.,All communication between the application and the server must be done over SSL.,5.4.1.2,Must,@priority_Must @req_5.4.1.2,15,4b3aa627-8d93-433f-9189-fcd1de80e9c8,,Healthcare\DayHealth,Release 1
"As a Nurse, I want to update patient vitals, so that the EHR contains the most current patient information.",The nurse is logged into the system and has selected a patient. | The nurse enters new vital signs data.,"The system saves the data to the EHR, adhering to HIPAA regulations.",5.4.2,Must,@priority_Must @req_5.4.2 @FDA21CFR11 @HIPAA,4,dcca3410-e2cd-48f3-8658-325a412eb531,,Healthcare\DayHealth,Release 1
"As a user, I want to add, modify, or check patient data stored in the system so that I can manage patient information effectively.","I have access to the system | I attempt to add, modify, or check patient data",the system allows me to perform these actions while adhering to HIPAA and FDA 21 CFR Part 11 constraints.,5.4.3,Must,@priority_Must @req_5.4.3 @FDA21CFR11 @HIPAA,5,85a4042f-8972-40b9-8def-ef8d803315ab,,Healthcare\DayHealth,Release 1
"As a Doctor, I want to easily access patient assessments and care plans in a digitized format so that I can efficiently track and manage patient care within the Day Health program.",I am a Doctor using the Clinician Portal | I access a patient's record,I can view digitized patient assessments and care plans.,1,Must,@priority_Must @req_1 @FDA21CFR11 @HIPAA,4;16,4cacda81-286c-46f1-be12-7ff5626221dd,,Healthcare\DayHealth,Release 1
